Pays,Année,Abonnements téléphone (cartes prépayés),Investissements télécommunications (USD),Abonnements téléphone (100 habitants),Lignes d'accès téléphoniques,Recettes télécommunication (USD),Voies d'accès de communication (100 habitants),Continent,Développement
Allemagne,1996,,,7.06,40963900.0,,57.07,Europe,pays développé
Allemagne,1997,,,9.97,40687200.0,,59.56,Europe,pays développé
Allemagne,1998,2087000.0,,16.96,40436720.0,,66.24,Europe,pays développé
Allemagne,1999,5533000.0,,28.56,40110300.0,,77.41,Europe,pays développé
Allemagne,2000,26318000.0,9166666667.0,58.63,39665700.0,52037037037.0,106.88,Europe,pays développé
Allemagne,2001,31374000.0,10267857143.0,68.16,39696100.0,54017857143.0,116.36,Europe,pays développé
Allemagne,2002,31338000.0,6698113208.0,71.68,39650000.0,58490566038.0,123.69,Europe,pays développé
Allemagne,2003,33307000.0,6250000000.0,78.51,39380000.0,72613636364.0,131.81,Europe,pays développé
Allemagne,2004,31374000.0,7125000000.0,90.06,39081000.0,83500000000.0,145.79,Europe,pays développé
Allemagne,2005,40200000.0,7250000000.0,96.04,38995000.0,84125000000.0,156.3,Europe,pays développé
Allemagne,2006,39947000.0,8125000000.0,103.98,38248000.0,82875000000.0,168.6,Europe,pays développé
Allemagne,2007,53433050.0,9726027397.0,118.09,36867000.0,87534246575.0,186.65,Europe,pays développé
Allemagne,2008,60680000.0,10588235294.0,130.61,34230000.0,91617647059.0,199.74,Europe,pays développé
Allemagne,2009,60483000.0,8472222222.0,132.18,32266000.0,83888888889.0,202.07,Europe,pays développé
Allemagne,2010,60249000.0,7866666667.0,133.1,30403000.0,78933333333.0,202.27,Europe,pays développé
Allemagne,2011,63786000.0,8750000000.0,142.17,28290000.0,80277777778.0,211.33,Europe,pays développé
Allemagne,2012,60256490.0,8205128205.0,140.7,26280000.0,74358974359.0,208.1,Europe,pays développé
Allemagne,2013,59412000.0,8800000000.0,142.88,23440000.0,76000000000.0,207.44,Europe,pays développé
Allemagne,2014,55707000.0,10133333333.0,139.08,19850000.0,75733333333.0,200.11,Europe,pays développé
Allemagne,2015,54491000.0,8888888889.0,139.34,16190000.0,63777777778.0,196.75,Europe,pays développé
Allemagne,2016,54349000.0,9222222222.0,157.71,13010000.0,63222222222.0,212.2,Europe,pays développé
Allemagne,2017,54720000.0,9550561798.0,163.38,9030000.0,63707865169.0,214.51,Europe,pays développé
Allemagne,2018,52954380.0,10705882353.0,165.18,4580000.0,67764705882.0,211.89,Europe,pays développé
Australie,1996,,,21.89,9439525.0,,73.69,Océanie,pays développé
Australie,1997,,,24.85,9710350.0,,77.56,Océanie,pays développé
Australie,1998,,,28.71,10001000.0,,82.46,Océanie,pays développé
Australie,1999,409000.0,,33.7,10211000.0,,87.98,Océanie,pays développé
Australie,2000,1350000.0,2330374419.0,42.09,10440000.0,,96.96,Océanie,pays développé
Australie,2001,3300000.0,1880151295.0,57.59,10511000.0,15454404145.0,112.12,Océanie,pays développé
Australie,2002,4120000.0,1806688587.0,64.99,10400000.0,,120.2,Océanie,pays développé
Australie,2003,5400000.0,1959293506.0,72.51,10460000.0,19390909091.0,129.1,Océanie,pays développé
Australie,2004,7080000.0,2396612500.0,82.66,10370000.0,,142.45,Océanie,pays développé
Australie,2005,8504000.0,2859406870.0,91.29,10120000.0,26613740458.0,155.25,Océanie,pays développé
Australie,2006,9700000.0,3671924812.0,96.62,9940000.0,,163.89,Océanie,pays développé
Australie,2007,10150000.0,4074816667.0,102.08,9760000.0,30833333333.0,172.13,Océanie,pays développé
Australie,2008,9990000.0,3630343697.0,104.1,9360000.0,30805042017.0,173.26,Océanie,pays développé
Australie,2009,10580000.0,3057453906.0,111.66,9020000.0,29243750000.0,177.29,Océanie,pays développé
Australie,2010,10970000.0,3527491743.0,102.31,8660000.0,37210091743.0,166.65,Océanie,pays développé
Australie,2011,11435000.0,4567829897.0,109.29,10490000.0,43508247423.0,181.46,Océanie,pays développé
Australie,2012,11810000.0,5410153608.0,108.39,9930000.0,43289690722.0,177.95,Océanie,pays développé
Australie,2013,11845000.0,6195222115.0,108.09,9305000.0,39787019231.0,174.92,Océanie,pays développé
Australie,2014,11485000.0,6369533333.0,108.26,8845000.0,37022972973.0,173.78,Océanie,pays développé
Australie,2015,9255000.0,6048337594.0,109.84,8490000.0,31518421053.0,173.89,Océanie,pays développé
Australie,2016,9300000.0,7297185926.0,111.63,8470000.0,32071481481.0,177.13,Océanie,pays développé
Australie,2017,9320000.0,8924073077.0,113.28,8275000.0,34269230769.0,179.12,Océanie,pays développé
Australie,2018,,7767878358.0,,,,,Océanie,pays développé
Autriche,1996,,,7.52,3698447.0,,53.99,Europe,pays développé
Autriche,1997,,,14.61,3567353.0,,59.38,Europe,pays développé
Autriche,1998,,,28.83,3455300.0,,72.15,Europe,pays développé
Autriche,1999,2044168.0,,53.8,3454800.0,,97.03,Europe,pays développé
Autriche,2000,3184653.0,2643353221.0,76.36,3374000.0,4464063418.0,118.47,Europe,pays développé
Autriche,2001,3330559.0,1620145520.0,81.34,3307000.0,5043392857.0,122.46,Europe,pays développé
Autriche,2002,3259436.0,904669811.0,83.35,3187100.0,5306603774.0,128.37,Europe,pays développé
Autriche,2003,3338473.0,415884792.0,87.39,3144136.0,6737500000.0,133.74,Europe,pays développé
Autriche,2004,3528912.0,441017609.0,97.82,3068976.0,7602500000.0,146.0,Europe,pays développé
Autriche,2005,3774105.0,948750000.0,101.75,3005011.0,7731356140.0,152.65,Europe,pays développé
Autriche,2006,3880328.0,937038353.0,111.93,2876859.0,7556871945.0,163.46,Europe,pays développé
Autriche,2007,3695274.0,1202739726.0,118.81,2742278.0,7830136986.0,171.13,Europe,pays développé
Autriche,2008,3552199.0,748844614.0,127.45,2679623.0,7890430321.0,180.91,Europe,pays développé
Autriche,2009,3641692.0,700974160.0,137.08,2662180.0,7058393786.0,190.49,Europe,pays développé
Autriche,2010,3896666.0,929064827.0,146.41,2778004.0,6336320681.0,202.82,Europe,pays développé
Autriche,2011,4167626.0,711249917.0,155.24,2769374.0,6286337831.0,212.71,Europe,pays développé
Autriche,2012,4243025.0,714064523.0,161.26,2700577.0,5707720823.0,218.53,Europe,pays développé
Autriche,2013,4061464.0,685333333.0,156.56,2637964.0,5546569014.0,213.99,Europe,pays développé
Autriche,2014,3886237.0,735200000.0,151.6,2538207.0,5247704267.0,208.86,Europe,pays développé
Autriche,2015,4514876.0,735000000.0,156.1,2505857.0,4374129111.0,213.6,Europe,pays développé
Autriche,2016,5192019.0,667178457.0,163.2,2503704.0,4566473676.0,220.72,Europe,pays développé
Autriche,2017,5648791.0,711858176.0,169.83,2449244.0,4675671761.0,226.23,Europe,pays développé
Autriche,2018,7228749.0,795632293.0,187.04,2410632.0,4778331993.0,242.85,Europe,pays développé
Belgique,1996,,,4.71,4780148.0,,51.77,Europe,pays développé
Belgique,1997,,,9.57,5037189.0,,59.05,Europe,pays développé
Belgique,1998,,,17.21,4733700.0,,63.61,Europe,pays développé
Belgique,1999,1275000.0,,31.16,4609261.0,,76.23,Europe,pays développé
Belgique,2000,3377400.0,960957853.0,54.91,4474929.0,7334638257.0,98.56,Europe,pays développé
Belgique,2001,4901138.0,1426538393.0,74.76,4314887.0,7088391542.0,116.7,Europe,pays développé
Belgique,2002,5330641.0,1203176415.0,78.41,4278971.0,7516249364.0,128.49,Europe,pays développé
Belgique,2003,5716309.0,1194621591.0,82.94,4225703.0,9636188847.0,135.36,Europe,pays développé
Belgique,2004,6036299.0,1253287500.0,87.63,4148455.0,10990398601.0,142.97,Europe,pays développé
Belgique,2005,6042295.0,1328115000.0,91.66,4107775.0,11413135132.0,149.02,Europe,pays développé
Belgique,2006,5942162.0,1266389538.0,93.36,4045012.0,10249132698.0,154.04,Europe,pays développé
Belgique,2007,6146996.0,1360044554.0,101.06,3988485.0,11056698138.0,164.15,Europe,pays développé
Belgique,2008,6653649.0,1584211751.0,110.38,3797389.0,11636902315.0,173.5,Europe,pays développé
Belgique,2009,6739177.0,1502827740.0,107.43,3764717.0,10902752171.0,171.33,Europe,pays développé
Belgique,2010,6709887.0,1494581333.0,112.32,3777490.0,10541170598.0,177.95,Europe,pays développé
Belgique,2011,6045206.0,1761194444.0,113.67,3787984.0,10753957503.0,180.36,Europe,pays développé
Belgique,2012,5412083.0,1607969231.0,111.25,3837154.0,9685140362.0,179.28,Europe,pays développé
Belgique,2013,4984796.77064239,2494716000.0,110.69,3838956.0,9730227813.0,179.61,Europe,pays développé
Belgique,2014,5037310.0,1967298057.0,113.91,3838387.0,9385408479.0,184.12,Europe,pays développé
Belgique,2015,4746857.0,1553473637.0,113.66,3822453.0,7978604112.0,184.35,Europe,pays développé
Belgique,2016,4209724.0,1752035668.0,111.12,3755436.0,8049617313.0,182.17,Europe,pays développé
Belgique,2017,3063726.0,1884564637.0,105.39,3629965.0,8114711785.0,175.96,Europe,pays développé
Belgique,2018,2848620.0,2040780941.0,104.5,3359583.0,8547517657.0,173.45,Europe,pays développé
Canada,1996,,,11.55,,,11.55,Amérique du Nord,pays développé
Canada,1997,,,14.03,19609000.0,,79.6,Amérique du Nord,pays développé
Canada,1998,340899.0,,17.73,19587000.0,,82.68,Amérique du Nord,pays développé
Canada,1999,1132142.0,,22.73,20380000.0,,89.77,Amérique du Nord,pays développé
Canada,2000,1878650.0,4942951678.0,28.44,20840000.0,20578004698.0,96.35,Amérique du Nord,pays développé
Canada,2001,2736028.0,5138162581.0,34.33,21126000.0,20875855484.0,102.43,Amérique du Nord,pays développé
Canada,2002,2936765.0,4154038217.0,38.26,19252000.0,21161179618.0,121.41,Amérique du Nord,pays développé
Canada,2003,3145704.0,3272435714.0,42.0,19161000.0,22853571429.0,125.51,Amérique du Nord,pays développé
Canada,2004,3329563.0,3978370769.0,47.02,19069000.0,25744615385.0,130.7,Amérique du Nord,pays développé
Canada,2005,3820396.0,4572727273.0,52.77,19124000.0,28515702479.0,138.6,Amérique du Nord,pays développé
Canada,2006,4203012.0,6099115044.0,57.56,19218000.0,31916814159.0,145.33,Amérique du Nord,pays développé
Canada,2007,4462772.0,7632710280.0,61.65,19257000.0,35541121495.0,150.57,Amérique du Nord,pays développé
Canada,2008,4817000.0,11214953271.0,66.45,19264000.0,37639065421.0,154.43,Amérique du Nord,pays développé
Canada,2009,5028000.0,7017543860.0,70.81,18708000.0,35980438596.0,157.04,Amérique du Nord,pays développé
Canada,2010,5416058.0,8155339806.0,75.95,18394000.0,40440776699.0,161.85,Amérique du Nord,pays développé
Canada,2011,5805926.0,9351515152.0,78.17,18201000.0,43143939394.0,164.02,Amérique du Nord,pays développé
Canada,2012,5278825.0,9672000000.0,79.85,17732566.0,43942000000.0,164.59,Amérique du Nord,pays développé
Canada,2013,4698557.0,8641892850.0,80.85,16920647.0,43516504854.0,163.54,Amérique du Nord,pays développé
Canada,2014,4171691.0,8470883250.0,81.24,16403000.0,41759887944.0,162.99,Amérique du Nord,pays développé
Canada,2015,4188955.0,8172993472.0,83.37,15612271.0,37344910427.0,163.83,Amérique du Nord,pays développé
Canada,2016,4125748.0,8691822498.0,85.16,15155000.0,36644738373.0,164.2,Amérique du Nord,pays développé
Canada,2017,3941143.0,9277782856.0,86.73,14469000.0,38708467173.0,164.44,Amérique du Nord,pays développé
Canada,2018,3799594.0,9509696883.0,89.62,13842000.0,40846759316.0,165.61,Amérique du Nord,pays développé
Chili,2002,,,,,,1.2,Amérique du Sud,pays en développement
Chili,2003,,,,,,2.22,Amérique du Sud,pays en développement
Chili,2004,7644732.0,577059242.0,57.8,3345102.0,,81.49,Amérique du Sud,pays en développement
Chili,2005,8638113.0,735637190.0,65.31,3460645.0,,90.92,Amérique du Sud,pays en développement
Chili,2006,9806577.0,1199451281.0,76.16,3383597.0,,103.03,Amérique du Sud,pays en développement
Chili,2007,10432036.0,1393314924.0,84.49,3459611.0,,113.29,Amérique du Sud,pays en développement
Chili,2008,10762915.0,1754049037.0,88.61,3524790.0,,118.24,Amérique du Sud,pays en développement
Chili,2009,11933023.0,1387426780.0,97.45,3555311.0,,128.31,Amérique du Sud,pays en développement
Chili,2010,14065837.0,1920659094.0,116.34,3459367.0,,147.1,Amérique du Sud,pays en développement
Chili,2011,15885567.0,2414863150.0,129.33,3370104.0,,160.52,Amérique du Sud,pays en développement
Chili,2012,17283257.0,2463536847.0,137.25,3292502.0,,168.54,Amérique du Sud,pays en développement
Chili,2013,16629989.0,2079144281.0,134.35,3347231.0,,166.39,Amérique du Sud,pays en développement
Chili,2014,16305141.0,1858881068.0,133.13,3427749.0,,166.4,Amérique du Sud,pays en développement
Chili,2015,15567968.0,1473382755.0,129.13,3445880.0,,163.44,Amérique du Sud,pays en développement
Chili,2016,14746472.0,1427482274.0,128.27,3375037.0,,162.83,Amérique du Sud,pays en développement
Chili,2017,13135112.0,1544398366.0,124.94,3200245.0,,158.94,Amérique du Sud,pays en développement
Chili,2018,13127449.0,1659214258.0,134.28,2997192.0,,167.6,Amérique du Sud,pays en développement
Colombie,2002,,,,,,0.08,Amérique du Sud,pays en développement
Colombie,2003,,,14.78,7805070.0,3696418953.0,33.59,Amérique du Sud,pays en développement
Colombie,2004,,,24.55,7550137.0,4741289122.0,42.67,Amérique du Sud,pays en développement
Colombie,2005,,,50.95,7665167.0,6279649953.0,69.56,Amérique du Sud,pays en développement
Colombie,2006,24708593.0,,68.57,7717171.0,7470967414.0,87.79,Amérique du Sud,pays en développement
Colombie,2007,28630384.0,,77.27,7853786.0,9503004874.0,97.89,Amérique du Sud,pays en développement
Colombie,2008,35683315.0,,93.06,7952605.0,11043293981.0,114.93,Amérique du Sud,pays en développement
Colombie,2009,34815857.0,,91.5,7473867.0,,113.04,Amérique du Sud,pays en développement
Colombie,2010,37143288.0,,97.73,7189824.0,,119.36,Amérique du Sud,pays en développement
Colombie,2011,37727264.0,,100.34,7126730.0,,123.05,Amérique du Sud,pays en développement
Colombie,2012,39630898.0,,105.33,7030348.0,8989404556.0,128.8,Amérique du Sud,pays en développement
Colombie,2013,39542018.6268,,106.74,7133260.0,8644700381.0,131.42,Amérique du Sud,pays en développement
Colombie,2014,44287194.0,,116.09,7180937.0,8633324464.0,141.76,Amérique du Sud,pays en développement
Colombie,2015,45878731.0,,118.93,7109254.0,6568271619.0,145.07,Amérique du Sud,pays en développement
Colombie,2016,46572192.0,,120.38,7115984.0,5943353997.0,147.11,Amérique du Sud,pays en développement
Colombie,2017,49537231.0,,126.23,6987654.0,6386127424.0,153.25,Amérique du Sud,pays en développement
Colombie,2018,51560803.0,,130.08,6973573.0,6600689808.0,157.5,Amérique du Sud,pays en développement
Corée,1996,,,6.99,19950405.0,,50.81,Asie,pays développé
Corée,1997,,,15.01,20866110.0,,60.41,Asie,pays développé
Corée,1998,,,30.21,20794586.0,,75.14,Asie,pays développé
Corée,1999,,,50.29,22118163.0,,97.74,Asie,pays développé
Corée,2000,,7765968735.0,57.05,22425724.0,23654834831.0,104.75,Asie,pays développé
Corée,2001,,5990441444.0,61.32,22724668.0,23667239096.0,109.29,Asie,pays développé
Corée,2002,607002.0,6395862808.0,67.88,23490130.0,27056288516.0,141.49,Asie,pays développé
Corée,2003,591215.0,5205310462.0,70.14,22877019.0,29115022533.0,144.05,Asie,pays développé
Corée,2004,526638.0,5282890371.0,76.09,22870615.0,33398947892.0,150.66,Asie,pays développé
Corée,2005,662065.0,5199097762.0,79.57,22920151.0,39897760028.0,155.8,Asie,pays développé
Corée,2006,538332.0,6250798605.0,82.99,23119170.0,44898644728.0,159.64,Asie,pays développé
Corée,2007,871624.0,6996427265.0,89.35,23130253.0,48869857736.0,167.07,Asie,pays développé
Corée,2008,909182.0,6244362778.0,92.97,22131737.0,44193482147.0,169.63,Asie,pays développé
Corée,2009,980026.0,5101375956.0,97.23,20089979.0,39926938830.0,171.08,Asie,pays développé
Corée,2010,1001147.0,4922495372.0,102.45,19273484.0,45282105600.0,175.87,Asie,pays développé
Corée,2011,1017365.0,6025949887.0,105.15,18632501.0,44060309125.0,177.94,Asie,pays développé
Corée,2012,1582461.0,7070494554.0,106.82,18261220.0,43943824514.0,179.24,Asie,pays développé
Corée,2013,2052119.0,6196008586.0,108.43,17620453.0,46566561629.0,180.12,Asie,pays développé
Corée,2014,2979272.0,6418857317.0,112.89,16939308.0,49816897128.0,183.7,Asie,pays développé
Corée,2015,3102518.0,5127214541.0,115.53,16341489.0,47423176208.0,186.4,Asie,pays développé
Corée,2016,3238327.0,4954111838.0,119.61,15745961.0,48001516679.0,190.05,Asie,pays développé
Corée,2017,3528974.0,4913660409.0,123.74,15038517.0,50699786805.0,193.77,Asie,pays développé
Corée,2018,3929316.0,5130031804.0,128.51,14334357.0,52580039982.0,197.49,Asie,pays développé
Danemark,1996,,,25.02,3254863.0,,86.88,Europe,pays développé
Danemark,1997,,,27.33,3164000.0,,87.2,Europe,pays développé
Danemark,1998,,,36.43,3203000.0,,96.85,Europe,pays développé
Danemark,1999,979811.0,,49.42,3174746.0,,109.1,Europe,pays développé
Danemark,2000,1238000.0,1115717822.0,63.14,3202388.0,4172648515.0,123.14,Europe,pays développé
Danemark,2001,1473871.0,1324038462.0,73.95,3171728.0,4240113111.0,133.18,Europe,pays développé
Danemark,2002,1354376.0,969835234.0,83.32,3074393.0,4383766071.0,148.77,Europe,pays développé
Danemark,2003,1117962.0,850834598.0,88.49,2998472.0,5521854428.0,157.26,Europe,pays développé
Danemark,2004,1012648.0,955258765.0,95.66,2913688.0,6356239509.0,168.57,Europe,pays développé
Danemark,2005,997781.0,1145666667.0,100.61,2797151.0,6676920336.0,177.19,Europe,pays développé
Danemark,2006,1023234.0,1236470588.0,107.24,2614819.0,6811294430.0,187.16,Europe,pays développé
Danemark,2007,1060779.0,1680514706.0,115.58,2354109.0,8145954207.0,194.37,Europe,pays développé
Danemark,2008,1077668.0,1887564862.0,119.46,2061000.0,8124488683.0,193.19,Europe,pays développé
Danemark,2009,1147966.0,1554646876.0,123.81,1679000.0,7574983175.0,190.85,Europe,pays développé
Danemark,2010,1012949.0,1312299850.0,125.92,1331984.0,7224291222.0,188.02,Europe,pays développé
Danemark,2011,974086.0,1243460592.0,128.86,1219851.0,7348977093.0,189.27,Europe,pays développé
Danemark,2012,1089748.0,1131046095.0,130.53,1052366.0,6885134402.0,188.35,Europe,pays développé
Danemark,2013,867767.0,1094472854.0,125.36,903712.0,6642360857.0,181.99,Europe,pays développé
Danemark,2014,930744.0,1115252504.0,126.96,748560.0,7140226197.0,181.76,Europe,pays développé
Danemark,2015,807317.0,997247637.0,124.67,610181.0,5840651102.0,177.77,Europe,pays développé
Danemark,2016,655064.0,983008060.0,122.02,526103.0,5698931831.0,173.69,Europe,pays développé
Danemark,2017,517189.0,1104411287.0,123.96,450591.0,5742118958.0,174.89,Europe,pays développé
Danemark,2018,479031.0,1112372935.0,124.63,392191.99968,6065548549.0,174.7,Europe,pays développé
Espagne,1996,,,7.51,15509941.0,,46.4,Europe,pays développé
Espagne,1997,,,10.81,16084500.0,,50.97,Europe,pays développé
Espagne,1998,2609033.0,,17.53,16467222.0,,58.48,Europe,pays développé
Espagne,1999,9240000.0,,36.87,17134015.0,,79.31,Europe,pays développé
Espagne,2000,15736656.0,9432231481.0,59.03,17748110.0,22947222222.0,102.79,Europe,pays développé
Espagne,2001,19271468.0,7312964286.0,72.75,17427000.0,23991751724.0,115.49,Europe,pays développé
Espagne,2002,22087365.0,5241745283.0,80.95,17640745.0,31462145263.0,126.45,Europe,pays développé
Espagne,2003,21627180.0,5161509039.0,88.21,17759164.0,39252563361.0,135.52,Europe,pays développé
Espagne,2004,20066634.0,5893561677.0,90.12,17934477.0,46306594700.0,139.99,Europe,pays développé
Espagne,2005,20713500.0,6893522960.0,97.78,19460832.0,51089724575.0,153.79,Europe,pays développé
Espagne,2006,20880959.0,7106979234.0,103.01,19865037.0,52850385327.0,162.8,Europe,pays développé
Espagne,2007,20764615.0,7884184030.0,107.04,20192505.0,60567345110.0,169.14,Europe,pays développé
Espagne,2008,20313019.0,7605455882.0,107.92,20576070.0,64937852941.0,172.58,Europe,pays développé
Espagne,2009,20865463.0,5939791667.0,110.1,20244312.0,57261000263.0,175.0,Europe,pays développé
Espagne,2010,19968892.0,5965253333.0,110.37,20181424.0,53067766465.0,176.87,Europe,pays développé
Espagne,2011,20369871.0,8221444444.0,112.53,19889038.0,52709584566.0,179.44,Europe,pays développé
Espagne,2012,17814804.0,5199474359.0,108.34,19574626.0,45217820513.0,174.7,Europe,pays développé
Espagne,2013,15749219.0,5199826667.0,107.65,19384245.0,43715866667.0,175.4,Europe,pays développé
Espagne,2014,14606340.0,6758293333.0,109.37,19379051.0,43715866667.0,178.71,Europe,pays développé
Espagne,2015,13449515.0,6230744444.0,110.04,19599274.0,34245166667.0,181.45,Europe,pays développé
Espagne,2016,12571076.0,5419011111.0,110.92,19630715.0,36687422222.0,183.67,Europe,pays développé
Espagne,2017,11680137.0,5258449438.0,112.84,19587220.0,38502438202.0,186.04,Europe,pays développé
Espagne,2018,11373906.0,6282682353.0,115.89,19484361.0,40607600000.0,189.59,Europe,pays développé
Estonie,1996,,,4.24,438800.0,,35.24,Europe,pays développé
Estonie,1997,,,10.0,468600.0,,43.49,Europe,pays développé
Estonie,1998,20000.0,,17.75,498600.0,,53.72,Europe,pays développé
Estonie,1999,67000.0,,28.13,511000.0,,65.28,Europe,pays développé
Estonie,2000,152900.0,100264772.0,41.14,513510.0,,77.89,Europe,pays développé
Estonie,2001,203820.0,85702886.0,53.1,492350.0,5310714286.0,88.57,Europe,pays développé
Estonie,2002,262460.0,60937076.0,63.84,439530.0,6556603774.0,96.62,Europe,pays développé
Estonie,2003,364090.0,66440105.0,76.74,422840.0,8684269663.0,109.66,Europe,pays développé
Estonie,2004,480600.0,62769603.0,92.16,403590.0,10376543210.0,124.95,Europe,pays développé
Estonie,2005,562000.0,75829094.0,106.68,386550.0,11901800000.0,138.87,Europe,pays développé
Estonie,2006,719000.0,98538740.0,123.16,375930.0,13808275000.0,167.32,Europe,pays développé
Estonie,2007,700000.0,129698345.0,140.43,398235.0,15872191781.0,188.95,Europe,pays développé
Estonie,2008,636531.0,148414690.0,141.9,383336.0,16636098529.0,191.6,Europe,pays développé
Estonie,2009,525166.0,91000334.0,117.3,372439.0,15558452778.0,170.6,Europe,pays développé
Estonie,2010,624009.0,91207739.0,139.7,376122.0,14530746667.0,194.07,Europe,pays développé
Estonie,2011,624893.0,120120833.0,140.32,374632.0,1027761997.0,195.93,Europe,pays développé
Estonie,2012,649214.0,151944872.0,156.54,327652.0,936984615.0,207.74,Europe,pays développé
Estonie,2013,502845.0,121391093.0,155.94,301581.0,863474667.0,206.19,Europe,pays développé
Estonie,2014,428587.0,117684933.0,156.93,284651.0,799835591.0,206.8,Europe,pays développé
Estonie,2015,397576.0,100777778.0,144.8,270535.0,684397580.0,194.6,Europe,pays développé
Estonie,2016,358215.0,103777778.0,144.24,202519.0,651318727.0,189.77,Europe,pays développé
Estonie,2017,337549.0,90449438.0,144.56,182884.0,673229429.0,189.59,Europe,pays développé
Estonie,2018,337663.0,94705882.0,145.54,161052.0,732233240.0,189.62,Europe,pays développé
Finlande,1996,,,28.82,2869200.0,,84.81,Europe,pays développé
Finlande,1997,,,40.7,2918855.0,,97.49,Europe,pays développé
Finlande,1998,,,55.22,2954694.0,,112.56,Europe,pays développé
Finlande,1999,29907.0,,63.37,3006897.0,,121.58,Europe,pays développé
Finlande,2000,74573.0,,72.03,3056645.0,,131.09,Europe,pays développé
Finlande,2001,83512.0,,80.49,3082355.0,,139.9,Europe,pays développé
Finlande,2002,90335.0,,86.85,2942585.0,,148.88,Europe,pays développé
Finlande,2003,94000.0,,91.06,2735870.0,,153.02,Europe,pays développé
Finlande,2004,349934.0,,95.62,2559854.0,,159.5,Europe,pays développé
Finlande,2005,368560.0,,102.64,2276029.0,,168.41,Europe,pays développé
Finlande,2006,453600.0,,107.67,2026000.0,,173.28,Europe,pays développé
Finlande,2007,550000.0,,114.21,1763000.0,,178.12,Europe,pays développé
Finlande,2008,710000.0,,128.54,1655000.0,,187.58,Europe,pays développé
Finlande,2009,770000.0,,144.23,1428000.0,,200.3,Europe,pays développé
Finlande,2010,790000.0,,156.43,1252000.0,5160000000.0,208.84,Europe,pays développé
Finlande,2011,910000.0,833333333.0,165.92,1077000.0,5256944444.0,216.3,Europe,pays développé
Finlande,2012,930000.0,730769231.0,169.75,891000.0,4679487179.0,217.36,Europe,pays développé
Finlande,2013,790000.0,753333333.0,169.15,754000.0,4660000000.0,214.64,Europe,pays développé
Finlande,2014,770000.0,800000000.0,169.92,641000.0,4586666667.0,213.84,Europe,pays développé
Finlande,2015,750000.0,755555556.0,170.27,544000.0,3766666667.0,211.73,Europe,pays développé
Finlande,2016,730000.0,655555556.0,169.96,457000.0,3866666667.0,209.43,Europe,pays développé
Finlande,2017,710000.0,683146067.0,170.47,378000.0,3908988764.0,208.38,Europe,pays développé
Finlande,2018,690000.0,952941176.0,170.07,323000.0,4091764706.0,207.41,Europe,pays développé
France,1996,,,4.09,33856991.0,,60.91,Europe,pays développé
France,1997,,,9.62,33887995.0,,66.3,Europe,pays développé
France,1998,,,18.68,33856991.0,,75.1,Europe,pays développé
France,1999,7279000.0,,34.19,33887995.0,,90.37,Europe,pays développé
France,2000,13806000.0,7260185185.0,48.88,34013254.0,34330631333.0,104.89,Europe,pays développé
France,2001,18022000.0,8198214286.0,60.49,34083420.0,36734176842.0,116.21,Europe,pays développé
France,2002,17108000.0,5376415094.0,62.65,34122057.0,40122586384.0,120.78,Europe,pays développé
France,2003,17149000.0,6178409091.0,67.22,33907899.0,49829732779.0,127.77,Europe,pays développé
France,2004,17124000.0,6866250000.0,71.28,33609654.0,57439622775.0,135.51,Europe,pays développé
France,2005,17561000.0,7927331975.0,76.38,33106087.0,62156250000.0,144.0,Europe,pays développé
France,2006,18102000.0,8769129763.0,81.49,31597690.0,62275000000.0,151.4,Europe,pays développé
France,2007,19028000.0,8410958904.0,86.76,28737589.0,70569863014.0,156.2,Europe,pays développé
France,2008,18736000.0,9601268368.0,90.43,26345636.0,78985294118.0,159.14,Europe,pays développé
France,2009,18805000.0,8193620890.0,95.47,23995061.0,73612500000.0,163.35,Europe,pays développé
France,2010,18626000.0,8551368766.0,100.4,21649159.0,71377333333.0,166.6,Europe,pays développé
France,2011,19560000.0,10130858992.0,105.35,19511963.0,72633333333.0,170.26,Europe,pays développé
France,2012,18244000.0,9480351290.0,111.79,17373948.0,64293589744.0,175.03,Europe,pays développé
France,2013,15665000.0,9668312687.0,116.83,15586710.0,62929333333.0,178.49,Europe,pays développé
France,2014,14517000.0,9389161246.0,120.6,14053651.0,61737333333.0,181.0,Europe,pays développé
France,2015,12566000.0,8700863139.0,124.29,12685878.0,51085555556.0,183.75,Europe,pays développé
France,2016,11378000.0,9881293809.0,127.02,11483026.0,50500000000.0,185.74,Europe,pays développé
France,2017,10261000.0,10737496739.0,133.9,10364521.0,50611235955.0,192.45,Europe,pays développé
France,2018,9092013.0,11510210745.0,140.22,9073267.0,52023529412.0,197.24,Europe,pays développé
Grèce,1996,,,5.01,5329671.0,,55.25,Europe,pays développé
Grèce,1997,,,8.8,5431781.0,,59.75,Europe,pays développé
Grèce,1998,716314.0,,19.18,5539227.0,,70.85,Europe,pays développé
Grèce,1999,2052085.0,,36.19,5639951.0,,88.59,Europe,pays développé
Grèce,2000,3468960.0,1345794393.0,54.9,5760192.0,5088785047.0,108.21,Europe,pays développé
Grèce,2001,5029014.0,1533928571.0,73.32,5812725.0,5602678571.0,126.83,Europe,pays développé
Grèce,2002,6066123.0,1290566038.0,85.44,5768638.0,6658490566.0,138.37,Europe,pays développé
Grèce,2003,6750274.0,1277272727.0,94.53,5655676.0,8650000000.0,146.38,Europe,pays développé
Grèce,2004,7285964.0,1360000000.0,100.96,5611769.0,9980000000.0,152.65,Europe,pays développé
Grèce,2005,8338521.0,901250000.0,113.3,5518683.0,9798750000.0,164.95,Europe,pays développé
Grèce,2006,9599333.0,1006250000.0,125.9,5394835.0,10623750000.0,179.47,Europe,pays développé
Grèce,2007,11471385.0,1773972603.0,146.87,5301469.0,11797260274.0,204.66,Europe,pays développé
Grèce,2008,13810782.0,2016176471.0,170.77,5212384.0,12276470588.0,231.43,Europe,pays développé
Grèce,2009,15715011.0,1870833333.0,182.75,5159227.0,11002777778.0,246.46,Europe,pays développé
Grèce,2010,10305890.0,1426666667.0,133.22,5049201.0,9460000000.0,198.87,Europe,pays développé
Grèce,2011,10182066.0,1308333333.0,131.09,4828613.0,9195833333.0,196.77,Europe,pays développé
Grèce,2012,10769863.0,934615385.0,137.18,4544627.0,7901282051.0,202.68,Europe,pays développé
Grèce,2013,11443633.0,1044000000.0,143.39,4410254.0,7277333333.0,210.17,Europe,pays développé
Grèce,2014,11257104.0,1229333333.0,142.06,4361965.0,6478026667.0,211.08,Europe,pays développé
Grèce,2015,11141878.0,742222222.0,141.89,4274380.0,4877094444.0,213.17,Europe,pays développé
Grèce,2016,11715272.0,991583080.0,147.87,3766436.0,4894097121.0,216.38,Europe,pays développé
Grèce,2017,11906133.0,575159301.0,150.33,3241292.0,4960673638.0,215.76,Europe,pays développé
Grèce,2018,11017923.0,603929026.0,143.15,2917766.0,5009066595.0,207.32,Europe,pays développé
Hongrie,1996,,,4.59,2681150.0,,30.59,Europe,pays développé
Hongrie,1997,,,6.86,3152500.0,,37.5,Europe,pays développé
Hongrie,1998,,,10.09,3494350.0,,44.13,Europe,pays développé
Hongrie,1999,473630.0,,15.64,3638592.0,,51.18,Europe,pays développé
Hongrie,2000,1748981.0,820398327.0,30.12,3591833.0,3210362180.0,65.3,Europe,pays développé
Hongrie,2001,3584581.0,750462494.0,48.76,3454150.0,3439561590.0,82.67,Europe,pays développé
Hongrie,2002,5378171.0,712706968.0,67.79,3300831.0,3868703711.0,100.93,Europe,pays développé
Hongrie,2003,6157554.0,624582052.0,78.43,3254511.0,4685591369.0,112.55,Europe,pays développé
Hongrie,2004,6382521.0,653020962.0,86.35,3196839.0,4810175092.0,121.55,Europe,pays développé
Hongrie,2005,6337715.0,638412717.0,92.4,3000628.0,5099473895.0,128.48,Europe,pays développé
Hongrie,2006,6442402.0,635445316.0,98.95,3418875.0,5008818832.0,142.48,Europe,pays développé
Hongrie,2007,6886586.0,668895801.0,109.69,3298623.0,5778946305.0,156.37,Europe,pays développé
Hongrie,2008,7483601.0,711249794.0,121.78,3141780.0,5819676230.0,170.19,Europe,pays développé
Hongrie,2009,6681278.0,951295540.0,117.66,3068685.0,4537289410.0,167.04,Europe,pays développé
Hongrie,2010,6464961.0,676233742.0,120.12,2325202.0,4276124039.0,163.95,Europe,pays développé
Hongrie,2011,5797909.0,699373542.0,117.38,2139174.0,4422447193.0,160.87,Europe,pays développé
Hongrie,2012,5508219.0,,116.72,1959292.0,3957007088.0,159.47,Europe,pays développé
Hongrie,2013,5346588.0,,117.16,1786260.0,3708335738.0,159.48,Europe,pays développé
Hongrie,2014,5294000.0,,119.56,1377394.0,3784659198.0,159.67,Europe,pays développé
Hongrie,2015,5044000.0,,120.54,956449.0,3243784445.0,157.88,Europe,pays développé
Hongrie,2016,4712890.0,,120.16,516399.0,3290273066.0,154.1,Europe,pays développé
Hongrie,2017,4206000.0,,120.16,436820.0,3425281493.0,154.83,Europe,pays développé
Hongrie,2018,3940000.0,,121.13,270082.0,3602394434.0,155.42,Europe,pays développé
Irlande,1996,,,8.0,1390000.0,,46.33,Europe,pays développé
Irlande,1997,,,13.94,1500000.0,,54.87,Europe,pays développé
Irlande,1998,,,25.55,1584850.0,,68.34,Europe,pays développé
Irlande,1999,640000.0,,42.76,1661223.0,,87.16,Europe,pays développé
Irlande,2000,1266338.0,710185185.0,53.3,1637414.0,2270111111.0,96.51,Europe,pays développé
Irlande,2001,1966700.0,441964286.0,72.0,1660180.0,2477750000.0,115.15,Europe,pays développé
Irlande,2002,2210000.0,575471698.0,79.7,1700770.0,3197169811.0,123.39,Europe,pays développé
Irlande,2003,2509709.0,581818182.0,85.96,1703447.0,4067228034.0,129.6,Europe,pays développé
Irlande,2004,2845134.0,673750000.0,93.57,1678507.0,4925298228.0,138.4,Europe,pays développé
Irlande,2005,3201855.0,673750000.0,101.93,1726771.0,4898039408.0,150.33,Europe,pays développé
Irlande,2006,3539845.0,589934710.0,109.41,1739390.0,5356765741.0,162.76,Europe,pays développé
Irlande,2007,3707887.0,627319556.0,113.59,1741396.0,6214211542.0,170.94,Europe,pays développé
Irlande,2008,3747017.0,758599951.0,112.55,1685604.0,6641386395.0,170.12,Europe,pays développé
Irlande,2009,3432181.0,613961197.0,113.7,1596968.0,5611656688.0,170.14,Europe,pays développé
Irlande,2010,3396961.0,591200000.0,115.78,1515279.0,5155632140.0,171.44,Europe,pays développé
Irlande,2011,3451216.0,620138889.0,120.22,1423521.0,5310590856.0,174.74,Europe,pays développé
Irlande,2012,3254925.0,1031312374.0,118.87,1355551.0,4151235936.0,172.59,Europe,pays développé
Irlande,2013,3203515.4,732522028.0,121.92,1340742.0,4206306247.0,176.75,Europe,pays développé
Irlande,2014,3050538.0,754676537.0,125.3,1308478.0,4030623057.0,180.57,Europe,pays développé
Irlande,2015,2830874.0,619320897.0,123.0,1235310.0,3381018700.0,177.28,Europe,pays développé
Irlande,2016,2747205.0,628128333.0,124.32,1202404.0,3416395426.0,178.39,Europe,pays développé
Irlande,2017,2684511.0,740087098.0,125.63,1157862.0,3551950996.0,178.97,Europe,pays développé
Irlande,2018,2615109.0,,129.35,1105914.0,4152441364.0,181.56,Europe,pays développé
Islande,1996,,,17.22,154333.0,,74.61,Europe,pays développé
Islande,1997,,,24.25,155320.0,,81.54,Europe,pays développé
Islande,1998,5500.0,,38.68,158924.0,,96.67,Europe,pays développé
Islande,1999,40000.0,,62.22,160886.0,,120.23,Europe,pays développé
Islande,2000,63000.0,69435258.0,76.46,160869.0,252900025.0,133.67,Europe,pays développé
Islande,2001,88000.0,37261343.0,82.61,158228.0,215540957.0,138.13,Europe,pays développé
Islande,2002,88000.0,24274493.0,90.74,158228.0,228289330.0,154.22,Europe,pays développé
Islande,2003,112573.0,36610823.0,96.6,152147.0,319240044.0,163.45,Europe,pays développé
Islande,2004,124508.0,53791075.0,99.31,150357.0,381772529.0,169.03,Europe,pays développé
Islande,2005,132907.0,75533552.0,102.45,150685.0,463872937.0,179.52,Europe,pays développé
Islande,2006,143911.0,48378918.0,106.27,146932.0,471383625.0,183.52,Europe,pays développé
Islande,2007,135157.0,116097634.0,104.66,147663.0,578599762.0,183.49,Europe,pays développé
Islande,2008,141241.0,78800564.0,106.15,153129.0,275517725.0,187.06,Europe,pays développé
Islande,2009,145310.0,27947112.0,106.66,146914.0,187206250.0,186.4,Europe,pays développé
Islande,2010,158478.0,34749917.0,107.24,142482.0,205487057.0,186.38,Europe,pays développé
Islande,2011,159129.0,33804103.0,107.86,136574.0,225317147.0,185.65,Europe,pays développé
Islande,2012,164492.0,39085427.0,109.79,133276.0,213280719.0,186.71,Europe,pays développé
Islande,2013,160583.0,45344307.0,110.04,124544.0,226711625.0,184.79,Europe,pays développé
Islande,2014,162710.0,40711490.0,113.03,121308.0,248320114.0,186.72,Europe,pays développé
Islande,2015,162141.0,38448257.0,116.05,117746.0,223763511.0,189.26,Europe,pays développé
Islande,2016,170089.0,57058893.0,119.73,106805.0,234652147.0,189.74,Europe,pays développé
Islande,2017,168759.0,68867332.0,119.59,96433.0,255824919.0,186.57,Europe,pays développé
Islande,2018,175778.0,69727993.0,120.41,75716.0,244045116.0,180.59,Europe,pays développé
Israël,1996,,,,1983990.0,,34.9,Asie,pays développé
Israël,1999,,,49.62,2808313.0,,95.47,Asie,pays développé
Israël,2000,,,69.54,2921000.0,,115.99,Asie,pays développé
Israël,2001,,,85.43,2996000.0,,131.96,Asie,pays développé
Israël,2002,,,95.89,2960730.0,,144.48,Asie,pays développé
Israël,2003,,,98.93,2877140.0,,151.41,Asie,pays développé
Israël,2004,,,106.06,2864500.0,,162.53,Asie,pays développé
Israël,2005,,,111.93,2475785.0,,165.4,Asie,pays développé
Israël,2006,2290025.0,,119.14,2613657.0,,176.33,Asie,pays développé
Israël,2007,2274144.0,,125.11,2458948.0,,181.35,Asie,pays développé
Israël,2008,2445231.0,,126.78,2851690.0,,188.6,Asie,pays développé
Israël,2009,2616318.0,922057717.0,127.58,3264532.0,6515310565.0,194.65,Asie,pays développé
Israël,2010,2603834.0,968900222.0,125.27,3264532.0,7325356788.0,191.94,Asie,pays développé
Israël,2011,2591349.0,1012203025.0,126.08,2004862.0,8153211803.0,176.09,Asie,pays développé
Israël,2012,2591349.0,803886010.0,123.77,2087316.0,6812563389.0,174.85,Asie,pays développé
Israël,2013,2591349.10327456,649584488.0,121.48,2169770.0,6478980609.0,173.52,Asie,pays développé
Israël,2014,,696648045.0,121.71,2206000.0,6233289665.0,173.84,Asie,pays développé
Israël,2015,,721336761.0,123.73,2181000.0,5498650643.0,175.69,Asie,pays développé
Israël,2016,,,120.83,,5290337240.0,172.83,Asie,pays développé
Israël,2017,,,122.33,,5334645278.0,174.91,Asie,pays développé
Israël,2018,,,122.06,,5138658774.0,174.07,Asie,pays développé
Italie,1996,577207.0,,11.28,25022378.0,,55.29,Europe,pays développé
Italie,1997,5527200.0,,20.67,25262700.0,,65.08,Europe,pays développé
Italie,1998,15022000.0,,35.67,25134165.0,,79.84,Europe,pays développé
Italie,1999,25257120.0,,52.83,24996430.0,,96.75,Europe,pays développé
Italie,2000,37290000.0,6586111111.0,74.27,24494200.0,30042592593.0,117.28,Europe,pays développé
Italie,2001,45792000.0,7208035714.0,89.68,24752933.0,32345535714.0,133.13,Europe,pays développé
Italie,2002,47732000.0,8935849057.0,93.06,24798800.0,36423584906.0,138.23,Europe,pays développé
Italie,2003,51705540.0,8962500000.0,98.93,26010802.0,47281818182.0,148.5,Europe,pays développé
Italie,2004,57658689.0,8855318750.0,109.48,24800359.0,55210000000.0,160.62,Europe,pays développé
Italie,2005,65731770.0,8609275875.0,123.92,24008100.0,58063750000.0,177.24,Europe,pays développé
Italie,2006,72696064.0,8443750000.0,138.3,22666486.0,58828750000.0,191.72,Europe,pays développé
Italie,2007,80604390.0,9812328767.0,154.24,22850079.0,63208219178.0,210.68,Europe,pays développé
Italie,2008,80264112.0,9836764706.0,153.57,22556587.0,66479411765.0,211.1,Europe,pays développé
Italie,2009,77046473.0,8641666667.0,152.35,24091642.0,60833333333.0,213.56,Europe,pays développé
Italie,2010,79085236.0,8200000000.0,158.01,23930142.0,56208000000.0,220.41,Europe,pays développé
Italie,2011,79736335.0,8345833333.0,163.85,23457295.0,56372222222.0,226.12,Europe,pays développé
Italie,2012,78789757.0,8097504265.0,165.61,22981324.0,49507692308.0,227.32,Europe,pays développé
Italie,2013,77647921.488,7929368080.0,164.05,22197351.0,46258602221.0,224.15,Europe,pays développé
Italie,2014,75716830.0,8182858270.0,160.42,21521294.0,43204999759.0,219.42,Europe,pays développé
Italie,2015,74621563.0,8098816201.0,159.54,21119193.0,35348441921.0,219.0,Europe,pays développé
Italie,2016,73423928.0,7826562348.0,161.94,20974710.0,35463667876.0,222.09,Europe,pays développé
Italie,2017,71755865.0,8071120924.0,165.46,21231336.0,36203989833.0,227.84,Europe,pays développé
Italie,2018,71075209.0,9892650871.0,171.53,20772008.0,37148308391.0,234.15,Europe,pays développé
Japon,1996,,,21.38,62632506.0,,71.14,Asie,pays développé
Japon,1997,,,30.32,62849151.0,,80.13,Asie,pays développé
Japon,1998,,,37.4,62626357.0,,86.91,Asie,pays développé
Japon,1999,1907000.0,,44.87,62128858.0,,93.91,Asie,pays développé
Japon,2000,1413671.0,36516061984.0,52.62,61957098.0,163253474993.0,101.43,Asie,pays développé
Japon,2001,1847444.0,23917296141.0,58.78,61324051.0,156796165556.0,106.95,Asie,pays développé
Japon,2002,2083958.0,19257460723.0,63.65,60772460.0,129352069543.0,117.56,Asie,pays développé
Japon,2003,2609505.0,20422013284.0,67.9,60218496.0,139224833952.0,125.99,Asie,pays développé
Japon,2004,2858073.0,23190766245.0,71.64,59607695.0,134732415195.0,132.94,Asie,pays développé
Japon,2005,2725848.0,18930058066.0,75.51,58053419.0,132042397024.0,138.47,Asie,pays développé
Japon,2006,2494138.0,21036827171.0,79.51,55164571.0,129867583835.0,142.77,Asie,pays développé
Japon,2007,2109366.0,18486794055.0,83.84,51232022.0,129989808917.0,145.96,Asie,pays développé
Japon,2008,1540932.0,23548935759.0,87.48,47299410.0,139372097523.0,147.92,Asie,pays développé
Japon,2009,1098665.0,25322218660.0,87.62,43338640.0,151952548894.0,146.2,Asie,pays développé
Japon,2010,1257500.0,16935520620.0,93.35,39568111.0,152292093871.0,150.81,Asie,pays développé
Japon,2011,1370460.0,17982708934.0,100.29,35953256.0,166286179677.0,155.69,Asie,pays développé
Japon,2012,1258211.0,17982203284.0,106.62,32743625.0,162364958015.0,159.93,Asie,pays développé
Japon,2013,1047752.0,16427254098.0,113.03,30042234.0,139737704918.0,164.7,Asie,pays développé
Japon,2014,926403.0,9584670568.0,120.01,27733001.0,129227864829.0,170.6,Asie,pays développé
Japon,2015,754783.0,9881031064.0,123.19,25078411.0,115946794448.0,172.58,Asie,pays développé
Japon,2016,599400.0,11018475963.0,128.81,22983971.0,130399852928.0,177.54,Asie,pays développé
Japon,2017,518460.0,9756619417.0,134.32,21354067.0,125022733351.0,182.34,Asie,pays développé
Japon,2018,443439.0,9911247962.0,140.63,19957340.0,0.0,188.1,Asie,pays développé
Lettonie,2002,,,,,,0.43,Europe,pays développé
Lettonie,2003,,,,,,0.85,Europe,pays développé
Lettonie,2004,,,,,,2.17,Europe,pays développé
Lettonie,2005,,,,,,2.71,Europe,pays développé
Lettonie,2006,,,,,,4.94,Europe,pays développé
Lettonie,2007,,,,,,15.39,Europe,pays développé
Lettonie,2008,,,,,,18.93,Europe,pays développé
Lettonie,2009,,,,,,20.4,Europe,pays développé
Lettonie,2010,,,,,,20.72,Europe,pays développé
Lettonie,2011,,,,,,22.1,Europe,pays développé
Lettonie,2012,1218000.0,102564103.0,129.33,392106.0,,171.74,Europe,pays développé
Lettonie,2013,1045000.0,86666667.0,128.19,308500.0,,168.01,Europe,pays développé
Lettonie,2014,979802.0,150666667.0,119.57,400809.0,705910143.0,165.0,Europe,pays développé
Lettonie,2015,845850.0,108888889.0,130.97,395602.0,597757803.0,176.74,Europe,pays développé
Lettonie,2016,764119.0,97777778.0,134.0,362940.0,590388951.0,179.01,Europe,pays développé
Lettonie,2017,609956.0,75430199.0,142.6,342296.0,611030646.0,187.32,Europe,pays développé
Lettonie,2018,586889.0,91357082.0,145.24,266214.0,625850569.0,186.35,Europe,pays développé
Lituanie,1997,,,4.62,1048198.0,,33.94,Europe,pays développé
Lituanie,1998,,,6.8,1109768.0,,38.07,Europe,pays développé
Lituanie,1999,,,9.34,1152600.0,,42.04,Europe,pays développé
Lituanie,2000,,,14.54,1187700.0,,48.48,Europe,pays développé
Lituanie,2001,,,28.66,1151700.0,,61.84,Europe,pays développé
Lituanie,2002,,,47.78,935900.0,,75.55,Europe,pays développé
Lituanie,2003,,348326591.0,61.55,824200.0,2279372603.0,87.64,Europe,pays développé
Lituanie,2004,1736897.0,336736319.0,90.35,820040.0,2632497513.0,118.45,Europe,pays développé
Lituanie,2005,2887716.0,345979772.0,131.03,756276.0,3144434740.0,160.84,Europe,pays développé
Lituanie,2006,3160118.0,437739317.0,144.29,722249.0,3370300828.0,177.66,Europe,pays développé
Lituanie,2007,3260289.0,642797407.0,152.29,727724.0,4074614890.0,190.52,Europe,pays développé
Lituanie,2008,3248753.0,551631561.0,157.04,711470.0,4595289032.0,197.74,Europe,pays développé
Lituanie,2009,3047252.0,415901512.0,156.86,670981.0,4003800791.0,198.12,Europe,pays développé
Lituanie,2010,2873219.0,427604224.0,157.91,641539.0,3431345367.0,200.71,Europe,pays développé
Lituanie,2011,2765481.0,499940892.0,163.07,604895.0,3326011459.0,207.22,Europe,pays développé
Lituanie,2012,2711033.0,340769130.0,167.26,561202.0,2913410840.0,211.9,Europe,pays développé
Lituanie,2013,2096601.0,399038187.0,151.95,507458.0,2859893915.0,194.95,Europe,pays développé
Lituanie,2014,1803893.0,378818872.0,145.43,461486.0,2793310348.0,188.51,Europe,pays développé
Lituanie,2015,1636272.0,87647927.0,144.03,422737.0,628616733.0,187.27,Europe,pays développé
Lituanie,2016,1527680.0,108707971.0,125.52,385805.0,657603161.0,168.87,Europe,pays développé
Lituanie,2017,1432007.0,86449488.0,130.83,344473.0,689177823.0,171.25,Europe,pays développé
Lituanie,2018,1335878.0,95008205.0,134.38,274421.0,738475715.0,172.33,Europe,pays développé
Luxembourg,1996,,,10.86,249737.0,,71.15,Europe,pays développé
Luxembourg,1997,,,16.02,260177.0,,78.05,Europe,pays développé
Luxembourg,1998,,,30.61,227610.0,,84.2,Europe,pays développé
Luxembourg,1999,46631.0,,48.4,217375.0,,98.9,Europe,pays développé
Luxembourg,2000,119560.0,15324074.0,69.51,248113.0,343222128.0,126.38,Europe,pays développé
Luxembourg,2001,179416.0,30267857.0,97.93,250679.0,372247598.0,154.71,Europe,pays développé
Luxembourg,2002,179416.0,49056604.0,106.01,250679.0,394339623.0,163.74,Europe,pays développé
Luxembourg,2003,318000.0,44318182.0,119.35,246100.0,478409091.0,177.29,Europe,pays développé
Luxembourg,2004,381200.0,73491250.0,141.02,244800.0,534125000.0,204.09,Europe,pays développé
Luxembourg,2005,419200.0,55897500.0,154.68,244400.0,566925000.0,221.7,Europe,pays développé
Luxembourg,2006,372000.0,87500000.0,151.07,245300.0,612250000.0,223.97,Europe,pays développé
Luxembourg,2007,310000.0,109452055.0,142.5,254400.0,675616438.0,222.43,Europe,pays développé
Luxembourg,2008,279000.0,129117647.0,144.69,260400.0,743529412.0,227.4,Europe,pays développé
Luxembourg,2009,260000.0,135833333.0,144.64,264400.0,702361111.0,226.97,Europe,pays développé
Luxembourg,2010,230000.0,122400000.0,143.41,268000.0,661680000.0,227.02,Europe,pays développé
Luxembourg,2011,236000.0,159027778.0,147.58,274000.0,710305556.0,232.01,Europe,pays développé
Luxembourg,2012,236000.0,170769231.0,143.42,236000.0,718589744.0,220.01,Europe,pays développé
Luxembourg,2013,224500.0,201600000.0,145.12,218500.0,760000000.0,217.96,Europe,pays développé
Luxembourg,2014,210000.0,208133333.0,158.72,270740.0,712933333.0,241.11,Europe,pays développé
Luxembourg,2015,193000.0,146111111.0,159.06,276630.0,597777778.0,242.77,Europe,pays développé
Luxembourg,2016,104000.0,124777778.0,153.33,276400.0,610444444.0,235.51,Europe,pays développé
Luxembourg,2017,99000.0,116966292.0,156.29,275500.0,631910112.0,238.42,Europe,pays développé
Luxembourg,2018,77000.0,94823529.0,156.56,273500.0,677176471.0,238.42,Europe,pays développé
Mexique,1996,423365.0,,1.1,8826148.0,,10.56,Amérique du Nord,pays en développement
Mexique,1997,981872.0,,1.84,9253715.0,,11.61,Amérique du Nord,pays en développement
Mexique,1998,2282110.0,,3.48,9926879.0,,13.81,Amérique du Nord,pays en développement
Mexique,1999,6327238.0,,7.93,10927385.0,,19.14,Amérique du Nord,pays en développement
Mexique,2000,12449635.0,5226141498.0,14.25,12332816.0,14313828888.0,26.74,Amérique du Nord,pays en développement
Mexique,2001,19974020.0,5750865995.0,21.73,13774356.0,16057092520.0,35.49,Amérique du Nord,pays en développement
Mexique,2002,23921813.0,3129945818.0,25.55,14975295.0,17075684601.0,40.5,Amérique du Nord,pays en développement
Mexique,2003,28069647.0,2584286148.0,29.25,16330276.0,17214090561.0,45.41,Amérique du Nord,pays en développement
Mexique,2004,35942592.0,3614891414.0,36.88,18073405.0,19089706287.0,54.64,Amérique du Nord,pays en développement
Mexique,2005,43860561.0,3512609941.0,44.6,19512148.0,22297444895.0,64.07,Amérique du Nord,pays en développement
Mexique,2006,51091577.0,3698949849.0,51.7,19861380.0,26045590102.0,71.95,Amérique du Nord,pays en développement
Mexique,2007,61360877.0,3272417644.0,61.21,19997941.0,29093714102.0,82.27,Amérique du Nord,pays en développement
Mexique,2008,69118299.0,3648119487.0,68.27,20491430.0,30230071076.0,90.7,Amérique du Nord,pays en développement
Mexique,2009,72997624.0,2891460017.0,74.24,19642590.0,27198130054.0,99.89,Amérique du Nord,pays en développement
Mexique,2010,78287518.0,5673033866.0,79.53,20115904.0,30286369343.0,106.29,Amérique du Nord,pays en développement
Mexique,2011,80488243.0,4985302084.0,81.98,19996800.0,31824020398.0,108.75,Amérique du Nord,pays en développement
Mexique,2012,85743048.0,,86.68,20587800.0,,114.22,Amérique du Nord,pays en développement
Mexique,2013,90399443.0,4761037442.0,90.12,19318472.0,31260476860.0,116.91,Amérique du Nord,pays en développement
Mexique,2014,89075691.0,3638222653.0,87.5,19436314.0,32945885979.0,114.4,Amérique du Nord,pays en développement
Mexique,2015,90647027.0,4605550716.0,88.74,19615886.0,28245982735.0,116.94,Amérique du Nord,pays en développement
Mexique,2016,93936401.0,4558959529.0,91.05,19985434.0,24539219378.0,120.31,Amérique du Nord,pays en développement
Mexique,2017,94840804.0,3247846028.0,92.17,19950121.0,24681862503.0,121.96,Amérique du Nord,pays en développement
Mexique,2018,100099672.0,3002896668.0,95.89,20999933.0,25710906030.0,127.29,Amérique du Nord,pays en développement
Norvège,1996,,,28.79,2484173.0,,85.49,Europe,pays développé
Norvège,1997,,,38.06,2474964.0,,94.25,Europe,pays développé
Norvège,1998,474152.0,,46.75,2475490.0,,102.61,Europe,pays développé
Norvège,1999,1112793.0,,59.7,2445734.0,,114.51,Europe,pays développé
Norvège,2000,1385280.0,577500000.0,72.25,2388438.0,2619886364.0,125.43,Europe,pays développé
Norvège,2001,1513586.0,597107898.0,79.61,2317087.0,2814126808.0,130.94,Europe,pays développé
Norvège,2002,1653500.0,707268170.0,83.52,2295257.0,3359523810.0,138.29,Europe,pays développé
Norvège,2003,1666423.0,523870056.0,88.96,2201826.0,3990960452.0,145.37,Europe,pays développé
Norvège,2004,1754055.0,550296736.0,98.54,2106355.0,4474777448.0,159.61,Europe,pays développé
Norvège,2005,1735766.0,575931677.0,102.84,1931480.0,4754037267.0,167.23,Europe,pays développé
Norvège,2006,1613537.0,639625585.0,107.45,1668901.0,4851170047.0,170.09,Europe,pays développé
Norvège,2007,1406161.0,682593857.0,109.86,1509887.0,5336348123.0,172.04,Europe,pays développé
Norvège,2008,1422196.0,709219858.0,109.29,1384481.0,5640780142.0,170.83,Europe,pays développé
Norvège,2009,1432038.0,,110.89,1246887.0,5324380032.0,171.3,Europe,pays développé
Norvège,2010,1290389.0,,109.86,1132092.0,5578961575.0,168.26,Europe,pays développé
Norvège,2011,1358424.0,,112.0,1025694.0,5884221817.0,168.76,Europe,pays développé
Norvège,2012,1326722.0,1338542612.0,111.85,911797.0,5690165710.0,166.94,Europe,pays développé
Norvège,2013,1304469.0,1437975340.0,112.04,780743.0,5714949434.0,165.02,Europe,pays développé
Norvège,2014,1259127.0,1427767460.0,111.69,668858.0,5356373268.0,163.19,Europe,pays développé
Norvège,2015,1144623.0,1244447270.0,110.12,569669.0,4197669009.0,160.6,Europe,pays développé
Norvège,2016,1023452.0,1342999643.0,109.42,485264.0,4074609658.0,158.93,Europe,pays développé
Norvège,2017,889055.0,1319827207.0,108.39,407775.0,4170020085.0,157.15,Europe,pays développé
Norvège,2018,755243.0,1356246740.0,107.7,328681.0,4173245985.0,155.43,Europe,pays développé
Nouvelle-Zélande,1996,,,12.76,1719000.0,,58.82,Océanie,pays développé
Nouvelle-Zélande,1997,,,18.78,1753000.0,,65.14,Océanie,pays développé
Nouvelle-Zélande,1998,577254.0,,32.89,1763000.0,,79.11,Océanie,pays développé
Nouvelle-Zélande,1999,878940.0,,40.21,1759000.0,,86.07,Océanie,pays développé
Nouvelle-Zélande,2000,1487160.0,379090909.0,56.69,1749000.0,2224481364.0,102.03,Océanie,pays développé
Nouvelle-Zélande,2001,1661492.0,376766434.0,62.41,1765000.0,2117226891.0,107.9,Océanie,pays développé
Nouvelle-Zélande,2002,1737420.0,319624705.0,64.3,1801000.0,2464814815.0,111.54,Océanie,pays développé
Nouvelle-Zélande,2003,1797710.0,375552054.0,64.54,1847000.0,3095348837.0,112.98,Océanie,pays développé
Nouvelle-Zélande,2004,2115250.0,417735407.0,74.06,1843000.0,3525827815.0,123.83,Océanie,pays développé
Nouvelle-Zélande,2005,2460620.0,514537678.0,85.39,1847000.0,3749295775.0,139.12,Océanie,pays développé
Nouvelle-Zélande,2006,2595100.0,596103896.0,90.88,1851000.0,3194805195.0,146.83,Océanie,pays développé
Nouvelle-Zélande,2007,2877540.0,786764706.0,99.44,1854000.0,3602941176.0,161.26,Océanie,pays développé
Nouvelle-Zélande,2008,3096334.0,834507042.0,107.99,1861000.0,3464788732.0,173.15,Océanie,pays développé
Nouvelle-Zélande,2009,3104365.0,1059375000.0,109.24,1856000.0,3081250000.0,176.28,Océanie,pays développé
Nouvelle-Zélande,2010,3161925.0,1111510791.0,114.92,1789000.0,3568345324.0,181.96,Océanie,pays développé
Nouvelle-Zélande,2011,3168118.0,972440945.0,118.61,1774063.0,3960629921.0,186.69,Océanie,pays développé
Nouvelle-Zélande,2012,3200000.0,1032520325.0,122.5,1759125.0,4268292683.0,192.03,Océanie,pays développé
Nouvelle-Zélande,2013,3000000.0,1295081967.0,119.31,1729406.0,4270491803.0,189.04,Océanie,pays développé
Nouvelle-Zélande,2014,3370000.0,1396694215.0,124.18,1539000.0,4272727273.0,189.83,Océanie,pays développé
Nouvelle-Zélande,2015,3490000.0,1237762238.0,126.2,1232000.0,3573426573.0,185.07,Océanie,pays développé
Nouvelle-Zélande,2016,3700000.0,1105555556.0,129.98,1221000.0,3666666667.0,189.11,Océanie,pays développé
Nouvelle-Zélande,2017,3860000.0,1119148936.0,133.5,1271000.0,3808510638.0,193.87,Océanie,pays développé
Nouvelle-Zélande,2018,3720000.0,1142758621.0,131.0,1073000.0,3736551724.0,186.98,Océanie,pays développé
Pays-Bas,1996,,,6.54,8152000.0,,59.03,Europe,pays développé
Pays-Bas,1997,,,10.82,9129000.0,,69.3,Europe,pays développé
Pays-Bas,1998,1573090.0,,21.31,7767000.0,,70.76,Europe,pays développé
Pays-Bas,1999,3938200.0,,42.94,8211000.0,,94.87,Europe,pays développé
Pays-Bas,2000,7370000.0,3203703704.0,69.07,8174389.0,10243518519.0,120.4,Europe,pays développé
Pays-Bas,2001,7500000.0,2671362500.0,71.67,7985000.0,11607142857.0,121.43,Europe,pays développé
Pays-Bas,2002,7400000.0,1564150943.0,73.07,7852000.0,12987735849.0,128.73,Europe,pays développé
Pays-Bas,2003,8100000.0,1842045455.0,80.74,7677000.0,16793181818.0,139.84,Europe,pays développé
Pays-Bas,2004,10064000.0,3821085377.0,97.74,7434000.0,18888187500.0,162.34,Europe,pays développé
Pays-Bas,2005,12028000.0,2702270229.0,99.81,5942000.0,18993000000.0,161.43,Europe,pays développé
Pays-Bas,2006,9381900.0,3306065853.0,104.36,5776720.0,19202000000.0,170.68,Europe,pays développé
Pays-Bas,2007,8171000.0,3754330077.0,112.64,6165720.0,18409805479.0,184.58,Europe,pays développé
Pays-Bas,2008,8393000.0,4171278278.0,125.43,5422000.0,21011852941.0,194.0,Europe,pays développé
Pays-Bas,2009,7628000.0,4072607643.0,125.12,4804000.0,19636266667.0,191.26,Europe,pays développé
Pays-Bas,2010,6357000.0,3909703337.0,124.14,4080000.0,18679325333.0,186.79,Europe,pays développé
Pays-Bas,2011,6252000.0,4072607643.0,130.88,3556000.0,19285916667.0,191.11,Europe,pays développé
Pays-Bas,2012,5420000.0,3473718973.0,129.4,2486000.0,15642623098.0,183.95,Europe,pays développé
Pays-Bas,2013,4815000.0,5636464000.0,127.94,2041000.0,17537764713.0,180.52,Europe,pays développé
Pays-Bas,2014,4037000.0,3749080760.0,133.69,1696000.0,16135724000.0,184.37,Europe,pays développé
Pays-Bas,2015,3655000.0,2587111367.0,139.26,1368000.0,12989662222.0,188.6,Europe,pays développé
Pays-Bas,2016,3358000.0,2633476667.0,152.77,1108000.0,12024118889.0,201.69,Europe,pays développé
Pays-Bas,2017,2910000.0,2547762921.0,149.14,904000.0,11879591011.0,196.97,Europe,pays développé
Pays-Bas,2018,1981000.0,2643440000.0,157.19,699000.0,11593591765.0,204.23,Europe,pays développé
Pologne,1996,,,0.57,6532394.0,,17.63,Europe,pays développé
Pologne,1997,,,2.12,7510000.0,,21.73,Europe,pays développé
Pologne,1998,462720.0,,5.04,8485000.0,,27.2,Europe,pays développé
Pologne,1999,942285.0,,10.2,9533000.0,,35.11,Europe,pays développé
Pologne,2000,2605691.0,2433733793.0,17.64,9614841.0,5426666667.0,42.77,Europe,pays développé
Pologne,2001,5120000.0,1965249633.0,28.11,9657431.0,6583408313.0,53.36,Europe,pays développé
Pologne,2002,7374699.0,2326078431.0,36.35,9809036.0,6904901961.0,62.31,Europe,pays développé
Pologne,2003,9466935.0,1363496144.0,45.56,9977992.0,7649871465.0,72.46,Europe,pays développé
Pologne,2004,13498371.0,1491860123.0,60.49,10034134.0,9589152091.0,88.92,Europe,pays développé
Pologne,2005,18812776.0,2085582903.0,76.43,11740860.0,11442624437.0,109.61,Europe,pays développé
Pologne,2006,24318517.0,2598183600.0,96.36,11394066.0,12915052804.0,133.42,Europe,pays développé
Pologne,2007,26684062.0,3112956524.0,108.59,10299766.0,15152770770.0,144.26,Europe,pays développé
Pologne,2008,24466002.0,3057772412.0,115.24,9453928.0,17883876791.0,150.53,Europe,pays développé
Pologne,2009,23419352.0,2559526082.0,117.44,8493021.0,13849277471.0,154.28,Europe,pays développé
Pologne,2010,24022111.0,2471537083.0,121.96,7685049.0,14307862818.0,157.91,Europe,pays développé
Pologne,2011,26400311.0,2340991182.0,130.16,6858441.0,14597887064.0,165.12,Europe,pays développé
Pologne,2012,29259705.0,1994547870.0,140.36,6350410.0,13292052858.0,175.1,Europe,pays développé
Pologne,2013,30632716.0,2151024368.0,147.97,5846273.0,12741094672.0,181.14,Europe,pays développé
Pologne,2014,30815614.0,2136624690.0,147.87,4823098.0,12595951953.0,178.39,Europe,pays développé
Pologne,2015,27610369.0,1715281105.0,141.85,4319020.0,10518063581.0,171.7,Europe,pays développé
Pologne,2016,22902371.0,,137.93,3940713.0,10071412060.0,166.51,Europe,pays développé
Pologne,2017,17797277.0,,131.33,3463170.0,10441551010.0,158.7,Europe,pays développé
Pologne,2018,13543649.0,,125.7,2864497.0,10850194569.0,153.36,Europe,pays développé
Portugal,1996,,,6.59,3743729.0,,43.79,Europe,pays développé
Portugal,1997,,,14.91,3867323.0,,53.16,Europe,pays développé
Portugal,1998,2428960.0,,30.26,3893927.0,,68.59,Europe,pays développé
Portugal,1999,3705968.0,,45.72,3892472.0,,83.81,Europe,pays développé
Portugal,2000,5305301.0,1189862398.0,64.77,3766166.0,5095701767.0,101.37,Europe,pays développé
Portugal,2001,6328969.0,1274415057.0,76.98,3778817.0,5994555020.0,113.45,Europe,pays développé
Portugal,2002,7292684.0,966633231.0,88.32,3725595.0,6451763868.0,126.58,Europe,pays développé
Portugal,2003,7928701.0,652815042.0,95.64,3657396.0,7932709310.0,135.41,Europe,pays développé
Portugal,2004,8423515.0,848216529.0,100.83,3646544.0,9143144536.0,143.52,Europe,pays développé
Portugal,2005,9211786.0,915880575.0,108.24,3572535.0,9218125504.0,153.35,Europe,pays développé
Portugal,2006,9760816.0,969323735.0,116.29,3435848.0,9222550469.0,162.47,Europe,pays développé
Portugal,2007,10341344.0,1670271246.0,127.83,3231455.0,10632547945.0,172.84,Europe,pays développé
Portugal,2008,11080118.0,1468299955.0,141.63,2970220.0,11332604412.0,185.8,Europe,pays développé
Portugal,2009,11702094.0,1464595517.0,151.88,2786569.0,10497329167.0,196.54,Europe,pays développé
Portugal,2010,11879544.0,1435721005.0,155.81,2651593.0,10132965333.0,201.16,Europe,pays développé
Portugal,2011,12066059.0,1249601497.0,159.08,2519310.0,9065269444.0,204.28,Europe,pays développé
Portugal,2012,12032023.0,991875500.0,160.04,2345759.0,8483467949.0,205.12,Europe,pays développé
Portugal,2013,11368124.0,989326816.0,159.37,2214434.0,8361841333.0,205.1,Europe,pays développé
Portugal,2014,9562667.0,820828905.0,160.87,2058442.0,7694884000.0,208.13,Europe,pays développé
Portugal,2015,8502881.0,697134593.0,162.1,1906957.0,6364621111.0,210.85,Europe,pays développé
Portugal,2016,8302184.0,676892171.0,165.41,1698296.0,6501200000.0,214.55,Europe,pays développé
Portugal,2017,8252493.0,727483322.0,169.43,1474658.0,6632064045.0,218.45,Europe,pays développé
Portugal,2018,7236189.0,712216546.0,170.57,1231779.0,6915676471.0,219.35,Europe,pays développé
Royaume-Uni,1996,,,11.72,29829000.0,,63.0,Europe,pays développé
Royaume-Uni,1997,,,14.51,29827600.0,,65.66,Europe,pays développé
Royaume-Uni,1998,2909975.0,,22.23,31442300.0,,76.0,Europe,pays développé
Royaume-Uni,1999,12058515.0,,40.8,31646300.0,,94.72,Europe,pays développé
Royaume-Uni,2000,27364590.0,14121545455.0,67.95,31823108.0,44226525677.0,121.99,Europe,pays développé
Royaume-Uni,2001,30885226.0,14159395652.0,75.73,32070110.0,47477914085.0,129.98,Europe,pays développé
Royaume-Uni,2002,34132700.0,10185074627.0,83.46,31212684.0,49101303927.0,138.35,Europe,pays développé
Royaume-Uni,2003,35838407.0,10932786885.0,88.87,32048895.0,58836418392.0,147.83,Europe,pays développé
Royaume-Uni,2004,39765075.0,20869204162.0,100.18,31331354.0,70129733227.0,162.66,Europe,pays développé
Royaume-Uni,2005,43064148.0,18779037471.0,108.72,31087899.0,71471593333.0,176.56,Europe,pays développé
Royaume-Uni,2006,45518728.0,17695786432.0,115.31,30645641.0,75772300648.0,187.08,Europe,pays développé
Royaume-Uni,2007,47466048.0,18933938191.0,121.2,30575292.0,82921186821.0,196.51,Europe,pays développé
Royaume-Uni,2008,47482741.0,10775740741.0,125.34,30345345.0,89393948816.0,202.36,Europe,pays développé
Royaume-Uni,2009,47605201.0,8020312500.0,129.43,30015403.0,72834382423.0,207.12,Europe,pays développé
Royaume-Uni,2010,44798118.0,7896923077.0,129.82,30292622.0,68977870705.0,209.34,Europe,pays développé
Royaume-Uni,2011,42382669.0,8279032258.0,129.83,30246808.0,69110967334.0,210.38,Europe,pays développé
Royaume-Uni,2012,39596983.0,,130.37,30404060.0,64757864404.0,212.38,Europe,pays développé
Royaume-Uni,2013,35880703.6143544,,128.96,30648829.0,60850540372.0,212.27,Europe,pays développé
Royaume-Uni,2014,34321997.0,,129.52,30915102.0,61783648701.0,214.08,Europe,pays développé
Royaume-Uni,2015,33445521.0,,130.95,31235074.0,57163797022.0,216.8,Europe,pays développé
Royaume-Uni,2016,29467818.0,,127.82,31363375.0,50723485083.0,214.4,Europe,pays développé
Royaume-Uni,2017,27561623.0,,127.34,31182800.0,47304277280.0,214.0,Europe,pays développé
Royaume-Uni,2018,25915331.0,,126.44,31919894.0,45120487329.0,214.5,Europe,pays développé
République slovaque,1996,,,0.53,1246471.0,,23.73,Europe,pays développé
République slovaque,1997,,,3.72,1391864.0,,29.57,Europe,pays développé
République slovaque,1998,,,8.63,1539283.0,,37.19,Europe,pays développé
République slovaque,1999,127007.0,,12.31,1655380.0,,42.99,Europe,pays développé
République slovaque,2000,483441.0,40904881699.0,23.96,1697982.0,803391117.0,55.4,Europe,pays développé
République slovaque,2001,1535671.0,42207095652.0,39.91,1556254.0,938704336.0,68.84,Europe,pays développé
République slovaque,2002,1961330.0,19380089333.0,54.35,1402725.0,1026711301.0,80.44,Europe,pays développé
République slovaque,2003,2284105.0,345478063.0,68.39,1294673.0,1346004404.0,92.81,Europe,pays développé
République slovaque,2004,2444941.0,425009726.0,79.43,1250415.0,1624453184.0,103.62,Europe,pays développé
République slovaque,2005,2392884.0,420303721.0,84.28,1197044.0,1856510133.0,108.98,Europe,pays développé
République slovaque,2006,2381788.0,440384694.0,90.76,1167390.0,1948877844.0,116.93,Europe,pays développé
République slovaque,2007,3096881.0,530112592.0,112.42,1150763.0,2532066459.0,140.63,Europe,pays développé
République slovaque,2008,2307227.0,570643812.0,108.11,1097807.0,3150793475.0,138.54,Europe,pays développé
République slovaque,2009,1979141.0,542616921.0,101.46,1013365.0,2949142242.0,134.47,Europe,pays développé
République slovaque,2010,2140085.0,478761769.0,109.1,889792.0,2641651680.0,141.63,Europe,pays développé
République slovaque,2011,1929921.0,520061399.0,110.83,820923.0,2707198490.0,143.69,Europe,pays développé
République slovaque,2012,1859802.0,263046901.0,112.7,729482.0,2397814492.0,145.53,Europe,pays développé
République slovaque,2013,1831444.0,299364792.0,114.69,704921.0,2362109143.0,148.2,Europe,pays développé
République slovaque,2014,1823330.0,420593433.0,117.71,616471.0,2251838436.0,151.07,Europe,pays développé
République slovaque,2015,1889334.0,348770432.0,123.08,522639.0,1843857269.0,156.2,Europe,pays développé
République slovaque,2016,2041848.0,392060109.0,128.71,426171.0,1871510556.0,161.17,Europe,pays développé
République slovaque,2017,2195428.0,426321116.0,130.86,371269.0,1870349329.0,163.51,Europe,pays développé
République slovaque,2018,2104043.0,418600742.0,132.95,324020.0,2005728039.0,166.59,Europe,pays développé
Slovénie,2002,901757.0,,85.62,700797.0,,123.58,Europe,pays développé
Slovénie,2003,867009.0,,88.24,682717.0,,128.87,Europe,pays développé
Slovénie,2004,877595.0,,92.57,746599.0,,135.66,Europe,pays développé
Slovénie,2005,772823.0,236839635.0,87.91,744345.0,1189920298.0,134.84,Europe,pays développé
Slovénie,2006,734775.0,311388959.0,90.59,721355.0,1310528293.0,140.24,Europe,pays développé
Slovénie,2007,748402.0,497465560.0,95.49,662767.0,1513339433.0,144.79,Europe,pays développé
Slovénie,2008,729077.0,590081278.0,101.59,643710.0,1821383056.0,154.18,Europe,pays développé
Slovénie,2009,668606.0,257655500.0,102.84,558300.0,1769967607.0,151.8,Europe,pays développé
Slovénie,2010,635590.0,213686878.0,103.55,489630.0,1491835430.0,150.4,Europe,pays développé
Slovénie,2011,627472.0,178623013.0,105.65,424308.0,1692020534.0,150.41,Europe,pays développé
Slovénie,2012,636401.0,227208895.0,108.99,362304.0,1553860177.0,151.38,Europe,pays développé
Slovénie,2013,620057.0,206063842.0,110.9,302794.0,1431651949.0,151.08,Europe,pays développé
Slovénie,2014,613704.0,241195496.0,112.84,249780.0,1423827513.0,151.69,Europe,pays développé
Slovénie,2015,578791.0,211073857.0,114.1,210138.0,1204823831.0,151.62,Europe,pays développé
Slovénie,2016,550552.0,232765459.0,115.58,176462.0,1197015136.0,152.44,Europe,pays développé
Slovénie,2017,534097.0,277748632.0,118.25,143603.0,1270049731.0,154.11,Europe,pays développé
Slovénie,2018,498713.0,303146509.0,119.12,122121.0,1275402545.0,154.41,Europe,pays développé
Suisse,1996,36000.0,,9.37,4170820.0,,68.35,Europe,pays développé
Suisse,1997,209000.0,,14.73,4284000.0,,75.17,Europe,pays développé
Suisse,1998,590000.0,,23.89,4224155.0,,83.3,Europe,pays développé
Suisse,1999,1053425.0,,42.8,4152889.0,,100.93,Europe,pays développé
Suisse,2000,1707078.0,2244781657.0,64.57,4108216.0,8243530769.0,121.75,Europe,pays développé
Suisse,2001,2154579.0,1642676923.0,73.0,4101109.0,8745205325.0,129.75,Europe,pays développé
Suisse,2002,2314844.0,1653487821.0,78.74,4076936.0,9516149359.0,140.4,Europe,pays développé
Suisse,2003,2601322.0,1579720000.0,84.33,4016468.0,11367692593.0,149.7,Europe,pays développé
Suisse,2004,2485148.0,1661348387.0,84.91,3940514.0,12908870968.0,156.06,Europe,pays développé
Suisse,2005,2808411.0,1623764000.0,91.89,3831019.0,12916800000.0,167.46,Europe,pays développé
Suisse,2006,3102594.0,5189576000.0,99.36,3759661.0,13040760000.0,177.18,Europe,pays développé
Suisse,2007,3558653.0,1992272500.0,108.71,3698132.0,14315856667.0,189.97,Europe,pays développé
Suisse,2008,3895657.0,2109656481.0,116.33,3634891.0,16091998148.0,196.86,Europe,pays développé
Suisse,2009,4057856.0,2102931193.0,120.39,3494419.0,16016523853.0,201.4,Europe,pays développé
Suisse,2010,4221556.0,2073250000.0,123.25,3261186.0,16877715385.0,202.96,Europe,pays développé
Suisse,2011,4232784.0,2699593258.0,127.43,3141204.0,19478083146.0,207.19,Europe,pays développé
Suisse,2012,4280129.0,3478295745.0,132.07,2989639.0,18781468085.0,211.7,Europe,pays développé
Suisse,2013,4192525.0,3127553763.0,133.86,2847777.0,19129819355.0,214.21,Europe,pays développé
Suisse,2014,4818491.0,3660790217.0,142.73,2716652.0,20118710870.0,221.8,Europe,pays développé
Suisse,2015,4180377.0,3228432969.0,136.23,2590734.0,19261442031.0,213.88,Europe,pays développé
Suisse,2016,3906436.0,3242572494.0,134.25,2329634.0,18531456411.0,207.75,Europe,pays développé
Suisse,2017,3525968.0,2998436602.0,131.2,1542830.0,18472252625.0,196.5,Europe,pays développé
Suisse,2018,2890055.0,2853730481.0,126.96,1233299.0,18872364658.0,187.69,Europe,pays développé
Suède,1996,,,28.19,6064630.0,,96.78,Europe,pays développé
Suède,1997,235000.0,,35.82,6075370.0,,104.5,Europe,pays développé
Suède,1998,1016000.0,,46.42,6088830.0,,115.21,Europe,pays développé
Suède,1999,1983000.0,,57.87,6093000.0,,126.66,Europe,pays développé
Suède,2000,2772812.0,,71.82,6053000.0,4634325022.0,140.05,Europe,pays développé
Suède,2001,3536262.0,,80.69,5950560.0,4812037899.0,147.58,Europe,pays développé
Suède,2002,4308863.0,,89.06,5845624.0,5171377174.0,162.72,Europe,pays développé
Suède,2003,5002535.0,,98.25,5738693.0,6255047946.0,173.46,Europe,pays développé
Suède,2004,4628802.0,,97.68,5601212.0,6814692194.0,174.83,Europe,pays développé
Suède,2005,4638459.0,,100.82,5376836.0,6666654411.0,181.14,Europe,pays développé
Suède,2006,4692726.0,1381842818.0,105.79,5076868.0,6607645864.0,187.92,Europe,pays développé
Suède,2007,4496329.0,1582544379.0,110.59,4785328.0,7337486656.0,193.14,Europe,pays développé
Suède,2008,4406879.0,1470257967.0,118.14,4470735.0,7521298506.0,198.14,Europe,pays développé
Suède,2009,4531686.0,1189673203.0,126.37,4036815.0,6560426787.0,201.44,Europe,pays développé
Suède,2010,4650909.0,973925104.0,135.33,3574064.0,7165737100.0,205.4,Europe,pays développé
Suède,2011,4544624.0,1462865948.0,141.68,3166639.0,8025635713.0,207.2,Europe,pays développé
Suède,2012,4365208.0,1419174041.0,146.52,2732551.0,7632257094.0,207.47,Europe,pays développé
Suède,2013,4478323.0,1495545315.0,150.25,2355344.0,7922448940.0,207.56,Europe,pays développé
Suède,2014,4025648.0,1584693878.0,149.81,2009268.0,7585436195.0,204.37,Europe,pays développé
Suède,2015,4128201.0,1481376038.0,151.27,1703998.0,6175612159.0,204.35,Europe,pays développé
Suède,2016,3790814.0,1835163551.0,147.85,1435411.0,6233883446.0,199.39,Europe,pays développé
Suède,2017,3392762.0,2047251462.0,142.99,1148065.0,6301239871.0,192.84,Europe,pays développé
Suède,2018,3222772.0,1781933257.0,140.7,888880.0,5838200736.0,188.49,Europe,pays développé
Tchéquie,1996,,,1.94,2817215.0,,29.25,Europe,pays développé
Tchéquie,1997,,,5.06,3273196.0,,36.83,Europe,pays développé
Tchéquie,1998,,,9.38,3734753.0,,45.66,Europe,pays développé
Tchéquie,1999,,,18.91,3806394.0,,55.93,Europe,pays développé
Tchéquie,2000,,471406813.0,42.31,3897845.0,2316074430.0,80.25,Europe,pays développé
Tchéquie,2001,3016209.0,599354416.0,67.95,3669218.0,2557938675.0,103.84,Europe,pays développé
Tchéquie,2002,6731573.0,455275382.0,84.41,3388683.0,3269700672.0,117.79,Europe,pays développé
Tchéquie,2003,7268478.0,1266709217.0,95.17,3279075.0,4000410925.0,127.79,Europe,pays développé
Tchéquie,2004,7733079.0,511891751.0,105.64,3058518.0,4438855617.0,138.11,Europe,pays développé
Tchéquie,2005,7833756.0,575654007.0,115.07,2868830.0,4881562563.0,149.56,Europe,pays développé
Tchéquie,2006,7451645.0,627015619.0,120.84,2548378.0,5395686593.0,156.73,Europe,pays développé
Tchéquie,2007,7380865.0,782848694.0,128.15,2492963.0,6849482504.0,166.85,Europe,pays développé
Tchéquie,2008,7294012.0,877152900.0,132.37,2380341.0,8429584066.0,172.16,Europe,pays développé
Tchéquie,2009,7206875.0,763168940.0,135.9,2119855.0,7008447009.0,175.52,Europe,pays développé
Tchéquie,2010,7100000.0,792931937.0,136.82,1630000.0,6664921466.0,173.83,Europe,pays développé
Tchéquie,2011,6620000.0,826497175.0,135.66,1830000.0,6723163842.0,176.88,Europe,pays développé
Tchéquie,2012,5357800.0,759797855.0,131.91,1594500.0,5943157293.0,172.36,Europe,pays développé
Tchéquie,2013,5454800.0,722888804.0,132.86,1331300.0,5420084844.0,172.19,Europe,pays développé
Tchéquie,2014,5055464.0,1041799940.0,132.19,819451.0,5010902524.0,168.73,Europe,pays développé
Tchéquie,2015,4892907.0,590207979.0,132.95,818006.0,4637890196.0,168.88,Europe,pays développé
Tchéquie,2016,4821205.0,685829629.0,126.1,617539.0,4686270918.0,160.95,Europe,pays développé
Tchéquie,2017,4655896.0,648886976.0,127.45,533737.0,5011108521.0,162.11,Europe,pays développé
Tchéquie,2018,4479730.0,735763153.0,128.97,477541.0,5385664225.0,163.72,Europe,pays développé
Türkiye,1996,,,1.33,14286000.0,,24.88,Asie,pays en développement
Türkiye,1997,,,2.61,15744000.0,,28.18,Asie,pays en développement
Türkiye,1998,,,5.61,16960000.0,,32.76,Asie,pays en développement
Türkiye,1999,779600.0,,12.3,18060000.0,,40.81,Asie,pays en développement
Türkiye,2000,6627607.0,3540601230.0,23.44,18402362.0,6167773917.0,52.07,Asie,pays en développement
Türkiye,2001,11500000.0,2949450312.0,28.27,18913178.0,5866862816.0,57.29,Asie,pays en développement
Türkiye,2002,17125431.0,2158678144.0,35.34,18928408.0,6713518584.0,64.05,Asie,pays en développement
Türkiye,2003,20851364.0,1301388374.0,41.75,18932710.0,10422749401.0,70.39,Asie,pays en développement
Türkiye,2004,26355089.0,1030609801.0,51.34,19139168.0,11441355448.0,80.41,Asie,pays en développement
Türkiye,2005,30600875.0,1428167181.0,63.72,18992521.0,12591427517.0,93.71,Asie,pays en développement
Türkiye,2006,42694895.0,1722516557.0,76.0,18846151.0,11287209410.0,107.2,Asie,pays en développement
Türkiye,2007,50237153.0,1906685525.0,88.34,18216271.0,14828317524.0,120.57,Asie,pays en développement
Türkiye,2008,52640000.0,2590502306.0,92.64,17519301.0,15663084340.0,125.37,Asie,pays en développement
Türkiye,2009,46910000.0,3744407044.0,87.15,16550926.0,13365858314.0,118.99,Asie,pays en développement
Türkiye,2010,42711772.0,2507200457.0,84.45,16218022.0,14119170677.0,116.35,Asie,pays en développement
Türkiye,2011,42279472.0,3353690676.0,88.01,15226327.0,16194458186.0,118.75,Asie,pays en développement
Türkiye,2012,41709890.0,3200860734.0,90.03,14425705.0,16724057836.0,119.69,Asie,pays en développement
Türkiye,2013,41465390.0,2874948432.0,91.48,13055994.0,16473051227.0,119.65,Asie,pays en développement
Türkiye,2014,40037521.0,2589148002.0,93.14,11917961.0,15371045353.0,120.07,Asie,pays en développement
Türkiye,2015,38181732.0,6351093376.0,94.15,10786636.0,14551400276.0,120.09,Asie,pays en développement
Türkiye,2016,36343215.0,2459467744.0,94.68,11077559.0,14977074338.0,121.9,Asie,pays en développement
Türkiye,2017,35717456.0,2234039225.0,96.87,11308444.0,14012896524.0,125.8,Asie,pays en développement
Türkiye,2018,34382665.0,1947012431.0,98.42,11633461.0,12221612707.0,129.18,Asie,pays en développement
États-Unis,1996,,,16.35,127948129.0,,63.84,Amérique du Nord,pays développé
États-Unis,1997,,,20.29,132027308.0,,68.71,Amérique du Nord,pays développé
États-Unis,1998,,,25.09,133483589.0,,73.48,Amérique du Nord,pays développé
États-Unis,1999,4302350.0,,30.84,180682623.0,,95.59,Amérique du Nord,pays développé
États-Unis,2000,6570000.0,113301000000.0,38.8,183671491.0,402143000000.0,103.89,Amérique du Nord,pays développé
États-Unis,2001,11565000.0,105607000000.0,45.09,184709483.0,419514000000.0,109.91,Amérique du Nord,pays développé
États-Unis,2002,11565000.0,61442000000.0,49.3,182261129.0,430357000000.0,119.38,Amérique du Nord,pays développé
États-Unis,2003,11565000.0,60522000000.0,55.36,175847832.0,429238000000.0,125.58,Amérique du Nord,pays développé
États-Unis,2004,15000000.0,62715000000.0,63.08,170501571.0,438528000000.0,134.12,Amérique du Nord,pays développé
États-Unis,2005,23430000.0,70760000000.0,68.93,167898490.0,457465000000.0,142.15,Amérique du Nord,pays développé
États-Unis,2006,36270000.0,79884000000.0,76.96,160270420.0,471681000000.0,150.99,Amérique du Nord,pays développé
États-Unis,2007,44710000.0,79717000000.0,82.77,151174614.0,491123000000.0,156.21,Amérique du Nord,pays développé
États-Unis,2008,46508552.0,80651000000.0,85.92,141019000.0,508672000000.0,157.81,Amérique du Nord,pays développé
États-Unis,2009,54582317.0,67262000000.0,89.41,126949000.0,505503000000.0,156.87,Amérique du Nord,pays développé
États-Unis,2010,58735750.0,70223000000.0,92.17,117884000.0,517507000000.0,157.61,Amérique du Nord,pays développé
États-Unis,2011,71593069.0,73531000000.0,95.45,106649000.0,539611000000.0,158.02,Amérique du Nord,pays développé
États-Unis,2012,,81038000000.0,97.12,96138000.0,556587000000.0,157.22,Amérique du Nord,pays développé
États-Unis,2013,,87240000000.0,96.74,85280000.0,558935000000.0,154.1,Amérique du Nord,pays développé
États-Unis,2014,,86631000000.0,111.66,72605000.0,588172000000.0,165.32,Amérique du Nord,pays développé
États-Unis,2015,75800000.0,84498000000.0,117.85,64566000.0,601970000000.0,169.85,Amérique du Nord,pays développé
États-Unis,2016,77500000.0,87659000000.0,122.57,58200000.0,627970000000.0,173.31,Amérique du Nord,pays développé
États-Unis,2017,77400000.0,94472000000.0,123.02,49700000.0,617045000000.0,171.58,Amérique du Nord,pays développé
États-Unis,2018,74000000.0,94997000000.0,128.92,42900000.0,630683000000.0,175.92,Amérique du Nord,pays développé
